﻿--
-- Script was generated by Devart dbForge Studio for MySQL, Version 8.0.40.0
-- Product home page: http://www.devart.com/dbforge/mysql/studio
-- Script date 04/09/2023 23:28:35
-- Server version: 5.5.5-10.1.40-MariaDB
-- Client version: 4.1
--

-- 
-- Disable foreign keys
-- 
/*!40014 SET @OLD_FOREIGN_KEY_CHECKS=@@FOREIGN_KEY_CHECKS, FOREIGN_KEY_CHECKS=0 */;

-- 
-- Set SQL mode
-- 
/*!40101 SET @OLD_SQL_MODE=@@SQL_MODE, SQL_MODE='NO_AUTO_VALUE_ON_ZERO' */;

-- 
-- Set character set the client will use to send SQL statements to the server
--
SET NAMES 'utf8';

DROP DATABASE IF EXISTS t1manager;

CREATE DATABASE t1manager
CHARACTER SET latin1
COLLATE latin1_swedish_ci;

--
-- Set default database
--
USE t1manager;

--
-- Create table `managers`
--
CREATE TABLE managers (
  codigoManager int(11) NOT NULL AUTO_INCREMENT,
  correoElectronico varchar(30) DEFAULT NULL,
  nombre varchar(15) DEFAULT NULL,
  telefono varchar(15) DEFAULT NULL,
  sueldo float(7, 2) DEFAULT NULL,
  PRIMARY KEY (codigoManager)
)
ENGINE = INNODB,
AUTO_INCREMENT = 12,
AVG_ROW_LENGTH = 1638,
CHARACTER SET latin1,
COLLATE latin1_swedish_ci;

--
-- Create table `redessociales`
--
CREATE TABLE redessociales (
  codigoRed int(11) NOT NULL AUTO_INCREMENT,
  plataforma varchar(20) DEFAULT NULL,
  seguidores int(11) DEFAULT NULL,
  direccion varchar(20) DEFAULT NULL,
  codigoManager int(11) DEFAULT NULL,
  PRIMARY KEY (codigoRed)
)
ENGINE = INNODB,
AUTO_INCREMENT = 4,
AVG_ROW_LENGTH = 5461,
CHARACTER SET latin1,
COLLATE latin1_swedish_ci;

--
-- Create foreign key
--
ALTER TABLE redessociales
ADD CONSTRAINT fk_redesSociales_Managers FOREIGN KEY (codigoManager)
REFERENCES managers (codigoManager);

--
-- Create table `patrocinadores`
--
CREATE TABLE patrocinadores (
  nombre varchar(15) NOT NULL,
  pagoMensual float(9, 2) DEFAULT NULL,
  fechaInicio date DEFAULT NULL,
  fechaFinal date DEFAULT NULL,
  correoElectronico varchar(30) DEFAULT NULL,
  codigoManager int(11) DEFAULT NULL,
  PRIMARY KEY (nombre)
)
ENGINE = INNODB,
AVG_ROW_LENGTH = 3276,
CHARACTER SET latin1,
COLLATE latin1_swedish_ci;

--
-- Create foreign key
--
ALTER TABLE patrocinadores
ADD CONSTRAINT fk_patrocinadores_managers FOREIGN KEY (codigoManager)
REFERENCES managers (codigoManager);

--
-- Create table `telefonos`
--
CREATE TABLE telefonos (
  id int(11) NOT NULL AUTO_INCREMENT,
  nombrePatrocinadores varchar(15) DEFAULT NULL,
  telefono varchar(15) DEFAULT NULL,
  PRIMARY KEY (id)
)
ENGINE = INNODB,
AUTO_INCREMENT = 21,
AVG_ROW_LENGTH = 819,
CHARACTER SET latin1,
COLLATE latin1_swedish_ci;

--
-- Create index `uk_patrocinadores_telefonos` on table `telefonos`
--
ALTER TABLE telefonos
ADD UNIQUE INDEX uk_patrocinadores_telefonos (nombrePatrocinadores, telefono);

--
-- Create foreign key
--
ALTER TABLE telefonos
ADD CONSTRAINT fk_patrocinadores_telefonos FOREIGN KEY (nombrePatrocinadores)
REFERENCES patrocinadores (nombre);

--
-- Create table `torneos`
--
CREATE TABLE torneos (
  codigoTorneo int(11) NOT NULL AUTO_INCREMENT,
  nombre varchar(15) DEFAULT NULL,
  fechaInicio date DEFAULT NULL,
  fechaFinal date DEFAULT NULL,
  premioRecibido float(9, 2) DEFAULT NULL,
  ganador varchar(20) DEFAULT NULL,
  resultado varchar(15) DEFAULT NULL,
  PRIMARY KEY (codigoTorneo)
)
ENGINE = INNODB,
AUTO_INCREMENT = 9,
AVG_ROW_LENGTH = 2730,
CHARACTER SET latin1,
COLLATE latin1_swedish_ci;

--
-- Create table `analistas`
--
CREATE TABLE analistas (
  codigoAnalista int(11) NOT NULL AUTO_INCREMENT,
  nombre varchar(15) DEFAULT NULL,
  sueldo float(7, 2) DEFAULT NULL,
  PRIMARY KEY (codigoAnalista)
)
ENGINE = INNODB,
AUTO_INCREMENT = 22,
AVG_ROW_LENGTH = 780,
CHARACTER SET latin1,
COLLATE latin1_swedish_ci;

--
-- Create table `partidos`
--
CREATE TABLE partidos (
  codigoPartido int(11) NOT NULL AUTO_INCREMENT,
  resultado varchar(10) DEFAULT NULL,
  fecha date DEFAULT NULL,
  codigoAnalista int(11) DEFAULT NULL,
  codigoTorneo int(11) DEFAULT NULL,
  PRIMARY KEY (codigoPartido)
)
ENGINE = INNODB,
AUTO_INCREMENT = 45,
AVG_ROW_LENGTH = 682,
CHARACTER SET latin1,
COLLATE latin1_swedish_ci;

--
-- Create foreign key
--
ALTER TABLE partidos
ADD CONSTRAINT fk_partidos_analistas FOREIGN KEY (codigoAnalista)
REFERENCES analistas (codigoAnalista);

--
-- Create foreign key
--
ALTER TABLE partidos
ADD CONSTRAINT fk_partidos_torneos FOREIGN KEY (codigoTorneo)
REFERENCES torneos (codigoTorneo);

--
-- Create table `entrenadores`
--
CREATE TABLE entrenadores (
  codigoEntrenador int(11) NOT NULL AUTO_INCREMENT,
  sueldo float(7, 2) DEFAULT NULL,
  nombre varchar(15) DEFAULT NULL,
  mote varchar(15) DEFAULT NULL,
  fecha_alta date NOT NULL,
  fecha_baja date DEFAULT NULL,
  funcion varchar(15) DEFAULT NULL,
  codigoAnalista int(11) DEFAULT NULL,
  PRIMARY KEY (codigoEntrenador)
)
ENGINE = INNODB,
AUTO_INCREMENT = 22,
AVG_ROW_LENGTH = 780,
CHARACTER SET latin1,
COLLATE latin1_swedish_ci;

--
-- Create foreign key
--
ALTER TABLE entrenadores
ADD CONSTRAINT fk_entrenadores_analistas FOREIGN KEY (codigoAnalista)
REFERENCES analistas (codigoAnalista);

--
-- Create table `campeones`
--
CREATE TABLE campeones (
  nombre varchar(20) NOT NULL,
  asesinatos float DEFAULT NULL,
  asistencias float DEFAULT NULL,
  muertes float DEFAULT NULL,
  PRIMARY KEY (nombre)
)
ENGINE = INNODB,
AVG_ROW_LENGTH = 106,
CHARACTER SET latin1,
COLLATE latin1_swedish_ci;

--
-- Create table `tienen`
--
CREATE TABLE tienen (
  id int(11) NOT NULL AUTO_INCREMENT,
  codigoPartido int(11) DEFAULT NULL,
  nombre varchar(20) DEFAULT NULL,
  asesinatos int(11) DEFAULT NULL,
  asistencias int(11) DEFAULT NULL,
  muertes int(11) DEFAULT NULL,
  PRIMARY KEY (id)
)
ENGINE = INNODB,
AUTO_INCREMENT = 43,
AVG_ROW_LENGTH = 399,
CHARACTER SET latin1,
COLLATE latin1_swedish_ci;

--
-- Create index `uk_partidos_campeones` on table `tienen`
--
ALTER TABLE tienen
ADD UNIQUE INDEX uk_partidos_campeones (codigoPartido, nombre);

--
-- Create foreign key
--
ALTER TABLE tienen
ADD CONSTRAINT fk_tienen_campeones FOREIGN KEY (nombre)
REFERENCES campeones (nombre);

--
-- Create foreign key
--
ALTER TABLE tienen
ADD CONSTRAINT fk_tienen_partidos FOREIGN KEY (codigoPartido)
REFERENCES partidos (codigoPartido);

--
-- Create table `usuarios`
--
CREATE TABLE usuarios (
  id int(11) NOT NULL AUTO_INCREMENT,
  nombreUsuario varchar(50) NOT NULL,
  password varchar(50) NOT NULL,
  rol enum ('admin', 'jugador') NOT NULL,
  tokenAcceso varchar(255) NOT NULL,
  PRIMARY KEY (id)
)
ENGINE = INNODB,
AUTO_INCREMENT = 14,
AVG_ROW_LENGTH = 1260,
CHARACTER SET latin1,
COLLATE latin1_swedish_ci;

--
-- Create index `UK_usuarios_nombreUsuario` on table `usuarios`
--
ALTER TABLE usuarios
ADD UNIQUE INDEX UK_usuarios_nombreUsuario (nombreUsuario);

--
-- Create table `mensajes`
--
CREATE TABLE mensajes (
  id int(11) NOT NULL AUTO_INCREMENT,
  destinatario varchar(255) NOT NULL,
  mensaje varchar(255) NOT NULL,
  fecha datetime NOT NULL,
  PRIMARY KEY (id)
)
ENGINE = INNODB,
AUTO_INCREMENT = 6,
AVG_ROW_LENGTH = 8192,
CHARACTER SET latin1,
COLLATE latin1_swedish_ci;

--
-- Create foreign key
--
ALTER TABLE mensajes
ADD CONSTRAINT fk_mensajes_usuarios FOREIGN KEY (destinatario)
REFERENCES usuarios (nombreUsuario);

--
-- Create table `jugadores`
--
CREATE TABLE jugadores (
  nombreJuego varchar(15) NOT NULL,
  nombre varchar(15) DEFAULT NULL,
  telefono varchar(15) DEFAULT NULL,
  fecha_alta date DEFAULT NULL,
  fecha_baja date DEFAULT NULL,
  sueldo float(7, 2) DEFAULT NULL,
  posicion varchar(8) DEFAULT NULL,
  indiceVictoria float(7, 4) DEFAULT NULL,
  totalPartidos int(11) DEFAULT NULL,
  PRIMARY KEY (nombreJuego)
)
ENGINE = INNODB,
AVG_ROW_LENGTH = 780,
CHARACTER SET latin1,
COLLATE latin1_swedish_ci;

--
-- Create table `usan`
--
CREATE TABLE usan (
  id int(11) NOT NULL AUTO_INCREMENT,
  nombreJuego varchar(15) DEFAULT NULL,
  nombre varchar(15) DEFAULT NULL,
  PRIMARY KEY (id)
)
ENGINE = INNODB,
AUTO_INCREMENT = 39,
AVG_ROW_LENGTH = 431,
CHARACTER SET latin1,
COLLATE latin1_swedish_ci;

--
-- Create index `uk_jugadores_campeones` on table `usan`
--
ALTER TABLE usan
ADD UNIQUE INDEX uk_jugadores_campeones (nombreJuego, nombre);

--
-- Create foreign key
--
ALTER TABLE usan
ADD CONSTRAINT fk_usan_campeones FOREIGN KEY (nombre)
REFERENCES campeones (nombre);

--
-- Create foreign key
--
ALTER TABLE usan
ADD CONSTRAINT fk_usan_jugadores FOREIGN KEY (nombreJuego)
REFERENCES jugadores (nombreJuego);

--
-- Create table `juegan`
--
CREATE TABLE juegan (
  id int(11) NOT NULL AUTO_INCREMENT,
  nombreJuego varchar(15) DEFAULT NULL,
  codigoPartido int(11) DEFAULT NULL,
  PRIMARY KEY (id)
)
ENGINE = INNODB,
AUTO_INCREMENT = 253,
AVG_ROW_LENGTH = 780,
CHARACTER SET latin1,
COLLATE latin1_swedish_ci;

--
-- Create foreign key
--
ALTER TABLE juegan
ADD CONSTRAINT fk_juegan_jugadores FOREIGN KEY (nombreJuego)
REFERENCES jugadores (nombreJuego);

--
-- Create foreign key
--
ALTER TABLE juegan
ADD CONSTRAINT fl_juegan_partidos FOREIGN KEY (codigoPartido)
REFERENCES partidos (codigoPartido);

--
-- Create table `entrenan`
--
CREATE TABLE entrenan (
  id int(11) NOT NULL AUTO_INCREMENT,
  nombreJuego varchar(15) DEFAULT NULL,
  codigoEntrenador int(11) DEFAULT NULL,
  PRIMARY KEY (id)
)
ENGINE = INNODB,
AUTO_INCREMENT = 21,
AVG_ROW_LENGTH = 819,
CHARACTER SET latin1,
COLLATE latin1_swedish_ci;

--
-- Create index `uk_jugadores_entrenadores` on table `entrenan`
--
ALTER TABLE entrenan
ADD UNIQUE INDEX uk_jugadores_entrenadores (nombreJuego, codigoEntrenador);

--
-- Create foreign key
--
ALTER TABLE entrenan
ADD CONSTRAINT fk_entrenan_entrenadores FOREIGN KEY (codigoEntrenador)
REFERENCES entrenadores (codigoEntrenador);

--
-- Create foreign key
--
ALTER TABLE entrenan
ADD CONSTRAINT fk_entrenan_jugadores FOREIGN KEY (nombreJuego)
REFERENCES jugadores (nombreJuego);

-- 
-- Dumping data for table managers
--
INSERT INTO managers VALUES
(2, 'manager1@gmail.com', 'Alejandro', '+34600123456', 1800.00),
(3, 'manager2@gmail.com', 'Beatriz', '+34600123457', 1700.00),
(4, 'manager3@gmail.com', 'Carlos', '+34600123458', 1600.00),
(5, 'manager4@gmail.com', 'David', '+34600123459', 1550.00),
(6, 'manager5@gmail.com', 'Elena', '+34600123460', 1750.00),
(7, 'manager6@gmail.com', 'Fernando', '+34600123461', 1850.00),
(8, 'manager7@gmail.com', 'Gabriela', '+34600123462', 1900.00),
(9, 'manager8@gmail.com', 'Hugo', '+34600123463', 1650.00),
(10, 'manager9@gmail.com', 'Isabel', '+34600123464', 1750.00),
(11, 'manager10@gmail.com', 'Javier', '+34600123465', 1700.00);

-- 
-- Dumping data for table torneos
--
INSERT INTO torneos VALUES
(1, 'LCK2020', '2020-01-01', '2021-12-31', 100000.00, 'T1', '1'),
(4, 'Torneo de Prima', '2023-03-01', '2023-05-30', 5000.00, 'TSM', '2'),
(5, 'Campeonato de V', '2023-06-01', '2023-08-30', 7000.00, 'Giants', '4'),
(6, 'Torneo de Otoño', '2023-09-01', '2023-11-30', 10000.00, 'T1', '1'),
(7, 'Copa de Inviern', '2023-12-01', '2024-02-29', 8000.00, 'Samsumg', '3'),
(8, 'Gran Final', '2024-03-01', '2024-05-31', 12000.00, 'T1', '1');

-- 
-- Dumping data for table analistas
--
INSERT INTO analistas VALUES
(1, 'Luis', 1000.00),
(2, 'John Doe', 1500.00),
(3, 'Alice Smith', 1200.50),
(4, 'Robert Johnson', 1100.75),
(5, 'Emily Brown', 1050.25),
(6, 'Michael Wilson', 1400.00),
(7, 'Sophia Jones', 1250.75),
(8, 'William Davis', 1300.50),
(9, 'Olivia Taylor', 1125.25),
(10, 'James Martinez', 1275.00),
(11, 'Emma Anderson', 1150.50),
(12, 'Alexander Wilso', 1200.00),
(13, 'Ava White', 1300.75),
(14, 'Ethan Hall', 1080.25),
(15, 'Mia Thomas', 1350.50),
(16, 'Daniel Adams', 1400.00),
(17, 'Sophia Green', 1100.75),
(18, 'Benjamin Rodrig', 1250.25),
(19, 'Olivia Evans', 1300.50),
(20, 'Lucas Miller', 1125.75),
(21, 'Isabella Walker', 1050.50);

-- 
-- Dumping data for table campeones
--
INSERT INTO campeones VALUES
('Aatrox', NULL, NULL, NULL),
('Ahri', NULL, NULL, NULL),
('Akali', NULL, NULL, NULL),
('Alistar', NULL, NULL, NULL),
('Amumu', NULL, NULL, NULL),
('Anivia', NULL, NULL, NULL),
('Annie', NULL, NULL, NULL),
('Aphelios', NULL, NULL, NULL),
('Ashe', NULL, NULL, NULL),
('Aurelion Sol', NULL, NULL, NULL),
('Azir', NULL, NULL, NULL),
('Bard', NULL, NULL, NULL),
('Blitzcrank', NULL, NULL, NULL),
('Brand', NULL, NULL, NULL),
('Braum', NULL, NULL, NULL),
('Caitlyn', NULL, NULL, NULL),
('Camille', NULL, NULL, NULL),
('Cassiopeia', NULL, NULL, NULL),
('Cho''Gath', NULL, NULL, NULL),
('Corki', NULL, NULL, NULL),
('Darius', NULL, NULL, NULL),
('Diana', NULL, NULL, NULL),
('Dr. Mundo', NULL, NULL, NULL),
('Draven', NULL, NULL, NULL),
('Ekko', NULL, NULL, NULL),
('Elise', NULL, NULL, NULL),
('Evelynn', NULL, NULL, NULL),
('Ezreal', NULL, NULL, NULL),
('Fiddlesticks', NULL, NULL, NULL),
('Fiora', NULL, NULL, NULL),
('Fizz', NULL, NULL, NULL),
('Galio', NULL, NULL, NULL),
('Gangplank', NULL, NULL, NULL),
('Garen', NULL, NULL, NULL),
('Gnar', NULL, NULL, NULL),
('Gragas', NULL, NULL, NULL),
('Graves', NULL, NULL, NULL),
('Hecarim', NULL, NULL, NULL),
('Heimerdinger', NULL, NULL, NULL),
('Illaoi', NULL, NULL, NULL),
('Irelia', NULL, NULL, NULL),
('Ivern', NULL, NULL, NULL),
('Janna', NULL, NULL, NULL),
('Jarvan IV', NULL, NULL, NULL),
('Jax', NULL, NULL, NULL),
('Jayce', NULL, NULL, NULL),
('Jhin', NULL, NULL, NULL),
('Jinx', NULL, NULL, NULL),
('Kai''Sa', NULL, NULL, NULL),
('Kalista', NULL, NULL, NULL),
('Karma', NULL, NULL, NULL),
('Karthus', NULL, NULL, NULL),
('Kassadin', NULL, NULL, NULL),
('Katarina', NULL, NULL, NULL),
('Kayle', NULL, NULL, NULL),
('Kayn', NULL, NULL, NULL),
('Kennen', NULL, NULL, NULL),
('Kha''Zix', NULL, NULL, NULL),
('Kindred', NULL, NULL, NULL),
('Kled', NULL, NULL, NULL),
('Kog''Maw', NULL, NULL, NULL),
('LeBlanc', NULL, NULL, NULL),
('Lee Sin', NULL, NULL, NULL),
('Leona', NULL, NULL, NULL),
('Lillia', NULL, NULL, NULL),
('Lissandra', NULL, NULL, NULL),
('Lucian', NULL, NULL, NULL),
('Lulu', NULL, NULL, NULL),
('Lux', NULL, NULL, NULL),
('Malphite', NULL, NULL, NULL),
('Malzahar', NULL, NULL, NULL),
('Maokai', NULL, NULL, NULL),
('Master Yi', NULL, NULL, NULL),
('Miss Fortune', NULL, NULL, NULL),
('Mordekaiser', NULL, NULL, NULL),
('Morgana', NULL, NULL, NULL),
('Nami', NULL, NULL, NULL),
('Nasus', NULL, NULL, NULL),
('Nautilus', NULL, NULL, NULL),
('Neeko', NULL, NULL, NULL),
('Nidalee', NULL, NULL, NULL),
('Nocturne', NULL, NULL, NULL),
('Nunu', 8, 7, 11),
('Nunu & Willump', NULL, NULL, NULL),
('Olaf', NULL, NULL, NULL),
('Orianna', NULL, NULL, NULL),
('Ornn', NULL, NULL, NULL),
('Pantheon', NULL, NULL, NULL),
('Poppy', NULL, NULL, NULL),
('Pyke', NULL, NULL, NULL),
('Qiyana', NULL, NULL, NULL),
('Quinn', NULL, NULL, NULL),
('Rakan', NULL, NULL, NULL),
('Rammus', NULL, NULL, NULL),
('Rek''Sai', NULL, NULL, NULL),
('Rell', NULL, NULL, NULL),
('Renekton', NULL, NULL, NULL),
('Rengar', NULL, NULL, NULL),
('Riven', NULL, NULL, NULL),
('Rumble', NULL, NULL, NULL),
('Ryze', NULL, NULL, NULL),
('Samira', NULL, NULL, NULL),
('Sejuani', NULL, NULL, NULL),
('Senna', NULL, NULL, NULL),
('Seraphine', NULL, NULL, NULL),
('Sett', NULL, NULL, NULL),
('Shaco', NULL, NULL, NULL),
('Shen', NULL, NULL, NULL),
('Shyvana', NULL, NULL, NULL),
('Singed', NULL, NULL, NULL),
('Sion', NULL, NULL, NULL),
('Sivir', NULL, NULL, NULL),
('Skarner', NULL, NULL, NULL),
('Sona', NULL, NULL, NULL),
('Soraka', NULL, NULL, NULL),
('Swain', NULL, NULL, NULL),
('Sylas', NULL, NULL, NULL),
('Syndra', NULL, NULL, NULL),
('Tahm Kench', NULL, NULL, NULL),
('Taliyah', NULL, NULL, NULL),
('Talon', NULL, NULL, NULL),
('Taric', NULL, NULL, NULL),
('Teemo', NULL, NULL, NULL),
('Thresh', NULL, NULL, NULL),
('Tristana', NULL, NULL, NULL),
('Trundle', NULL, NULL, NULL),
('Tryndamere', NULL, NULL, NULL),
('Twisted Fate', NULL, NULL, NULL),
('Twitch', NULL, NULL, NULL),
('Udyr', NULL, NULL, NULL),
('Urgot', NULL, NULL, NULL),
('Varus', NULL, NULL, NULL),
('Vayne', NULL, NULL, NULL),
('Veigar', NULL, NULL, NULL),
('Vel''Koz', NULL, NULL, NULL),
('Vi', NULL, NULL, NULL),
('Viktor', NULL, NULL, NULL),
('Vladimir', NULL, NULL, NULL),
('Volibear', NULL, NULL, NULL),
('Warwick', NULL, NULL, NULL),
('Wukong', NULL, NULL, NULL),
('Xayah', NULL, NULL, NULL),
('Xerath', NULL, NULL, NULL),
('Xin Zhao', NULL, NULL, NULL),
('Yasuo', NULL, NULL, NULL),
('Yone', NULL, NULL, NULL),
('Yorick', NULL, NULL, NULL),
('Yuumi', NULL, NULL, NULL),
('Zac', NULL, NULL, NULL),
('Zed', NULL, NULL, NULL),
('Ziggs', NULL, NULL, NULL),
('Zilean', NULL, NULL, NULL),
('Zoe', NULL, NULL, NULL),
('Zyra', NULL, NULL, NULL);

-- 
-- Dumping data for table patrocinadores
--
INSERT INTO patrocinadores VALUES
('BBVA', 2650.00, '2013-08-05', '2022-12-20', 'bbva@gmail.com', 5),
('Iberdrola', 3200.00, '2014-01-25', '2024-09-10', 'iberdrola@gmail.com', 6),
('Repsol', 2800.00, '2012-05-15', '2023-11-30', 'repsol@gmail.com', 4),
('Santander', 2500.00, '2011-04-20', '2023-08-05', 'santander@gmail.com', 3),
('Telefónica', 3000.00, '2010-02-10', '2024-10-15', 'telefonica@gmail.com', 2);

-- 
-- Dumping data for table usuarios
--
INSERT INTO usuarios VALUES
(1, 'admin', 'admin', 'admin', '1234123412341234'),
(2, 'jugador1', 'jugador', 'jugador', '12323423134'),
(3, 'test', 'test', 'jugador', ''),
(4, 'Faker123', 'Faker123', 'admin', ''),
(5, 'Uzi456', 'Uzi456', 'admin', ''),
(6, 'Perkz789', 'Perkz789', 'admin', ''),
(7, 'Rekkles101', 'Rekkles101', 'admin', ''),
(8, 'Caps202', 'Caps202', 'admin', ''),
(9, 'Froggen303', 'Froggen303', 'admin', ''),
(10, 'Jankos404', 'Jankos404', 'admin', ''),
(11, 'Bang505', 'Bang505', 'admin', ''),
(12, 'Xmithie606', 'Xmithie606', 'admin', ''),
(13, 'Svenskeren707', 'Svenskeren707', 'admin', '');

-- 
-- Dumping data for table partidos
--
INSERT INTO partidos VALUES
(1, 'Derrota', '2017-07-25', NULL, NULL),
(2, 'Victoria', '2013-11-13', NULL, NULL),
(3, 'Victoria', '2023-09-01', NULL, NULL),
(4, 'Victoria', '2023-09-01', 1, 1),
(5, 'Victoria', '2023-04-15', 1, 4),
(6, 'Derrota', '2023-04-15', 2, 4),
(7, 'Victoria', '2023-05-20', 3, 4),
(8, 'Victoria', '2023-06-10', 4, 4),
(9, 'Derrota', '2023-06-10', 5, 4),
(10, 'Victoria', '2023-07-05', 6, 4),
(11, 'Derrota', '2023-07-05', 7, 4),
(12, 'Victoria', '2023-04-15', 8, 5),
(13, 'Derrota', '2023-04-15', 9, 5),
(14, 'Victoria', '2023-05-20', 10, 5),
(15, 'Victoria', '2023-06-10', 11, 5),
(16, 'Derrota', '2023-06-10', 12, 5),
(17, 'Victoria', '2023-07-05', 13, 5),
(18, 'Derrota', '2023-07-05', 14, 5),
(19, 'Victoria', '2023-04-15', 15, 6),
(20, 'Derrota', '2023-04-15', 16, 6),
(21, 'Victoria', '2023-05-20', 17, 6),
(22, 'Victoria', '2023-06-10', 18, 6),
(23, 'Derrota', '2023-06-10', 19, 6),
(24, 'Victoria', '2023-07-05', 20, 6);

-- 
-- Dumping data for table jugadores
--
INSERT INTO jugadores VALUES
('Arrow414', 'Lorenzo', '+34600789012', '2011-09-05', '2024-10-10', 1290.00, 'jungla', NULL, NULL),
('asdf', 'asdfasdf', '+34636636636', '2020-05-16', '2021-11-01', 6000.00, 'Soporte', 0.0000, 0),
('Bang505', 'Javier', '+34600890123', '2012-09-25', '2023-11-28', 1280.00, 'medio', NULL, NULL),
('Caps202', 'Manuel', '+34600567890', '2014-02-28', '2022-06-30', 1100.00, 'ADC', NULL, NULL),
('Doinb808', 'David', '+34600123456', '2010-11-12', '2024-07-22', 1600.00, 'superior', NULL, NULL),
('Faker123', 'Javier', '+34600123456', '2010-01-01', '2025-12-31', 1500.00, 'superior', NULL, NULL),
('Froggen303', 'Antonio', '+34600678901', '2010-04-05', '2025-01-20', 1250.00, 'superior', NULL, NULL),
('Huni111', 'Gonzalo', '+34600456789', '2013-12-25', '2023-05-05', 1275.00, 'soporte', NULL, NULL),
('Jankos404', 'Miguel', '+34600789012', '2011-06-18', '2024-09-05', 1350.00, 'jungla', NULL, NULL),
('Karsa212', 'Raúl', '+34600567890', '2014-02-15', '2022-12-31', 1375.00, 'ADC', NULL, NULL),
('Lehends313', 'Andrés', '+34600678901', '2010-06-20', '2025-02-18', 1390.00, 'superior', NULL, NULL),
('Perkz789', 'José', '+34600345678', '2012-05-20', '2023-08-10', 1300.00, 'medio', NULL, NULL),
('Perkz909', 'Eduardo', '+34600234567', '2011-07-08', '2023-09-14', 1380.00, 'jungla', NULL, NULL),
('Rekkles101', 'Luis', '+34600456789', '2013-08-10', '2023-12-15', 1400.00, 'soporte', NULL, NULL),
('Smoothie616', 'Alberto', '+34600901234', '2013-08-22', '2023-07-15', 1315.00, 'soporte', NULL, NULL),
('Svenskeren707', 'Pedro', '+34600012345', '2014-12-03', '2022-12-10', 1400.00, 'ADC', NULL, NULL),
('SwordArt717', 'Enrique', '+34600012345', '2014-03-01', '2022-11-05', 1370.00, 'ADC', NULL, NULL),
('TheShy010', 'Sergio', '+34600345678', '2012-08-30', '2023-07-30', 1420.00, 'medio', NULL, NULL),
('Uzi456', 'Carlos', '+34600234567', '2011-03-15', '2024-11-30', 1200.00, 'jungla', NULL, NULL),
('Xmithie606', 'Fernando', '+34600901234', '2013-10-30', '2023-06-15', 1150.00, 'soporte', NULL, NULL),
('Zven515', 'Hugo', '+34600890123', '2012-04-14', '2023-12-24', 1330.00, 'medio', NULL, NULL);

-- 
-- Dumping data for table entrenadores
--
INSERT INTO entrenadores VALUES
(1, 5000.00, 'Bae Seong-woong', 'Bengi', '0006-07-07', '0000-00-00', '0', NULL),
(2, 1500.00, 'Juan', 'Faker', '2010-01-01', '2025-12-31', 'principal', NULL),
(3, 1200.00, 'Carlos', 'Uzi', '2011-03-15', '2024-11-30', 'principal', NULL),
(4, 1300.00, 'José', 'Perkz', '2012-05-20', '2023-08-10', 'principal', NULL),
(5, 1400.00, 'Luis', 'Rekkles', '2013-08-10', '2023-12-15', 'principal', NULL),
(6, 1100.00, 'Manuel', 'Caps', '2014-02-28', '2022-06-30', 'principal', NULL),
(7, 1250.00, 'Antonio', 'Froggen', '2010-04-05', '2025-01-20', 'secundario', NULL),
(8, 1350.00, 'Miguel', 'Jankos', '2011-06-18', '2024-09-05', 'secundario', NULL),
(9, 1280.00, 'Javier', 'Bang', '2012-09-25', '2023-11-28', 'secundario', NULL),
(10, 1150.00, 'Fernando', 'Xmithie', '2013-10-30', '2023-06-15', 'secundario', NULL),
(11, 1400.00, 'Pedro', 'Svenskeren', '2014-12-03', '2022-12-10', 'secundario', NULL),
(12, 1600.00, 'David', 'Doinb', '2010-11-12', '2024-07-22', 'principal', NULL),
(13, 1380.00, 'Eduardo', 'Perkz', '2011-07-08', '2023-09-14', 'principal', NULL),
(14, 1420.00, 'Sergio', 'TheShy', '2012-08-30', '2023-07-30', 'principal', NULL),
(15, 1275.00, 'Gonzalo', 'Huni', '2013-12-25', '2023-05-05', 'principal', NULL),
(16, 1375.00, 'Raúl', 'Karsa', '2014-02-15', '2022-12-31', 'principal', NULL),
(17, 1390.00, 'Andrés', 'Lehends', '2010-06-20', '2025-02-18', 'secundario', NULL),
(18, 1290.00, 'Lorenzo', 'Arrow', '2011-09-05', '2024-10-10', 'secundario', NULL),
(19, 1330.00, 'Hugo', 'Zven', '2012-04-14', '2023-12-24', 'secundario', NULL),
(20, 1315.00, 'Alberto', 'Smoothie', '2013-08-22', '2023-07-15', 'secundario', NULL),
(21, 1370.00, 'Enrique', 'SwordArt', '2014-03-01', '2022-11-05', 'secundario', NULL);

-- 
-- Dumping data for table usan
--
INSERT INTO usan VALUES
(37, 'Arrow414', 'Kayle'),
(38, 'Arrow414', 'Kayn'),
(19, 'Bang505', 'Graves'),
(20, 'Bang505', 'Hecarim'),
(13, 'Caps202', 'Fizz'),
(14, 'Caps202', 'Galio'),
(25, 'Doinb808', 'Janna'),
(26, 'Doinb808', 'Jarvan IV'),
(1, 'Faker123', 'Cho''Gath'),
(2, 'Faker123', 'Corki'),
(3, 'Faker123', 'Darius'),
(4, 'Faker123', 'Diana'),
(15, 'Froggen303', 'Gangplank'),
(16, 'Froggen303', 'Garen'),
(31, 'Huni111', 'Kai''Sa'),
(32, 'Huni111', 'Kalista'),
(17, 'Jankos404', 'Gnar'),
(18, 'Jankos404', 'Gragas'),
(33, 'Karsa212', 'Karma'),
(34, 'Karsa212', 'Karthus'),
(35, 'Lehends313', 'Kassadin'),
(36, 'Lehends313', 'Katarina'),
(9, 'Perkz789', 'Evelynn'),
(10, 'Perkz789', 'Ezreal'),
(27, 'Perkz909', 'Jax'),
(28, 'Perkz909', 'Jayce'),
(11, 'Rekkles101', 'Fiddlesticks'),
(12, 'Rekkles101', 'Fiora'),
(23, 'Svenskeren707', 'Irelia'),
(24, 'Svenskeren707', 'Ivern'),
(29, 'TheShy010', 'Jhin'),
(30, 'TheShy010', 'Jinx'),
(5, 'Uzi456', 'Dr. Mundo'),
(6, 'Uzi456', 'Draven'),
(7, 'Uzi456', 'Ekko'),
(8, 'Uzi456', 'Elise'),
(21, 'Xmithie606', 'Heimerdinger'),
(22, 'Xmithie606', 'Illaoi');

-- 
-- Dumping data for table tienen
--
INSERT INTO tienen VALUES
(1, 1, 'Nunu', 1, 2, 2),
(2, 2, 'Nunu', 2, 3, 4),
(4, 3, 'Nunu', 5, 2, 5),
(5, 1, 'Aatrox', 12, 1, 2),
(6, 1, 'Ahri', 7, 12, 10),
(7, 2, 'Akali', 11, 13, 15),
(8, 2, 'Alistar', 5, 12, 15),
(9, 3, 'Amumu', 5, 12, 1),
(10, 3, 'Anivia', 14, 7, 8),
(11, 4, 'Annie', 2, 3, 10),
(12, 4, 'Aphelios', 11, 10, 0),
(13, 5, 'Ashe', 1, 6, 12),
(14, 5, 'Aurelion Sol', 12, 7, 2),
(15, 6, 'Azir', 4, 14, 10),
(16, 6, 'Bard', 7, 8, 2),
(17, 7, 'Blitzcrank', 2, 7, 11),
(18, 7, 'Brand', 3, 13, 9),
(19, 8, 'Braum', 7, 7, 14),
(20, 8, 'Caitlyn', 4, 9, 4),
(21, 9, 'Camille', 8, 12, 6),
(22, 9, 'Cassiopeia', 9, 11, 14),
(23, 10, 'Cho''Gath', 6, 5, 7),
(24, 10, 'Corki', 2, 8, 3),
(25, 11, 'Darius', 8, 14, 15),
(26, 11, 'Diana', 0, 5, 8),
(27, 12, 'Dr. Mundo', 12, 5, 2),
(28, 12, 'Draven', 15, 2, 15),
(29, 13, 'Ekko', 7, 7, 15),
(30, 13, 'Elise', 5, 13, 1),
(31, 14, 'Evelynn', 0, 11, 9),
(32, 14, 'Ezreal', 14, 8, 2),
(33, 15, 'Fiddlesticks', 15, 9, 0),
(34, 15, 'Fiora', 4, 5, 0),
(35, 16, 'Fizz', 14, 8, 15),
(36, 16, 'Galio', 1, 11, 2),
(37, 17, 'Gangplank', 12, 5, 7),
(38, 17, 'Garen', 3, 11, 13),
(39, 18, 'Gnar', 1, 1, 1),
(40, 18, 'Gragas', 3, 12, 2),
(41, 19, 'Graves', 8, 2, 4),
(42, 19, 'Hecarim', 14, 11, 13);

-- 
-- Dumping data for table telefonos
--
INSERT INTO telefonos VALUES
(9, 'BBVA', '+34600345678'),
(10, 'BBVA', '+34600345679'),
(11, 'BBVA', '+34600345680'),
(12, 'BBVA', '+34600345681'),
(13, 'Iberdrola', '+34600456789'),
(14, 'Iberdrola', '+34600456790'),
(15, 'Iberdrola', '+34600456791'),
(16, 'Iberdrola', '+34600456792'),
(17, 'Repsol', '+34600567890'),
(18, 'Repsol', '+34600567891'),
(19, 'Repsol', '+34600567892'),
(20, 'Repsol', '+34600567893'),
(5, 'Santander', '+34600234567'),
(6, 'Santander', '+34600234568'),
(7, 'Santander', '+34600234569'),
(8, 'Santander', '+34600234570'),
(1, 'Telefonica', '+34600123456'),
(2, 'Telefonica', '+34600123457'),
(3, 'Telefonica', '+34600123458'),
(4, 'Telefonica', '+34600123459');

-- 
-- Dumping data for table redessociales
--
INSERT INTO redessociales VALUES
(1, 'Twitter', 454095, '@T1Twitter', 2),
(2, 'Instagram', 228554, '@T1Instagram', 3),
(3, 'Facebook', 480486, '@T1Facebook', 4);

-- 
-- Dumping data for table mensajes
--
INSERT INTO mensajes VALUES
(2, 'jugador1', 'como vamos', '0000-00-00 00:00:00'),
(4, 'admin', 'asd', '2023-09-04 04:49:36'),
(5, 'admin', 'a', '2023-09-04 06:24:26');

-- 
-- Dumping data for table juegan
--
INSERT INTO juegan VALUES
(232, 'Arrow414', 1),
(233, 'asdf', 2),
(234, 'Bang505', 3),
(235, 'Caps202', 4),
(236, 'Doinb808', 5),
(237, 'Faker123', 6),
(238, 'Froggen303', 7),
(239, 'Huni111', 8),
(240, 'Jankos404', 9),
(241, 'Karsa212', 10),
(242, 'Lehends313', 11),
(243, 'Perkz789', 12),
(244, 'Perkz909', 13),
(245, 'Rekkles101', 14),
(246, 'Smoothie616', 15),
(247, 'Svenskeren707', 16),
(248, 'SwordArt717', 17),
(249, 'TheShy010', 18),
(250, 'Uzi456', 19),
(251, 'Xmithie606', 20),
(252, 'Zven515', 21);

-- 
-- Dumping data for table entrenan
--
INSERT INTO entrenan VALUES
(1, 'Arrow414', 1),
(2, 'asdf', 2),
(3, 'Bang505', 3),
(4, 'Caps202', 4),
(5, 'Doinb808', 5),
(6, 'Faker123', 6),
(7, 'Froggen303', 7),
(8, 'Huni111', 8),
(9, 'Jankos404', 9),
(10, 'Karsa212', 10),
(11, 'Lehends313', 11),
(12, 'Perkz789', 12),
(13, 'Perkz909', 13),
(14, 'Rekkles101', 14),
(15, 'Smoothie616', 15),
(16, 'Svenskeren707', 16),
(17, 'SwordArt717', 17),
(18, 'TheShy010', 18),
(19, 'Uzi456', 19),
(20, 'Xmithie606', 20);

-- 
-- Restore previous SQL mode
-- 
/*!40101 SET SQL_MODE=@OLD_SQL_MODE */;

-- 
-- Enable foreign keys
-- 
/*!40014 SET FOREIGN_KEY_CHECKS = @OLD_FOREIGN_KEY_CHECKS */;